{
  "nmi" : 0.9834390145614967,
  "ari" : 0.9932322151901527,
  "rowMembership" : [ 0, 1, 0, 1, 1, 3, 0, 1, 1, 3, 1, 3, 1, 0, 0, 0, 0, 0, 0, 0, 0, 1, 0, 1, 0, 0, 0, 2, 1, 1, 1, 1, 2, 1, 1, 0, 0, 1, 1, 1, 0, 1, 0, 0, 0, 0, 0, 0, 0, 0, 3, 1, 0, 0, 0, 1, 0, 0, 0, 1, 0, 0, 1, 1, 1, 1, 0, 1, 0, 1, 0, 0, 0, 3, 3, 1, 0, 2, 1, 1, 0, 0, 1, 0, 0, 1, 1, 0, 1, 1, 1, 0, 0, 1, 0, 2, 1, 1, 0, 0 ],
  "colMembership" : [ 0, 0, 1, 2, 1, 2, 0, 0, 0, 0, 1, 1, 0, 1, 2, 0, 0, 0, 0, 1, 1, 0, 1, 0, 1, 1, 0, 0, 2, 1, 0, 1, 2, 1, 0, 1, 1, 0, 2, 2, 1, 1, 0, 2, 0, 1, 0, 1, 2, 1, 1, 2, 2, 2, 1, 0, 0, 0, 1, 1, 1, 2, 2, 0, 0, 2, 1, 0, 1, 2, 0, 2, 2, 0, 1, 2, 1, 0, 0, 1, 0, 1, 1, 0, 1, 0, 1, 0, 1, 1, 0, 0, 1, 0, 1, 1, 0, 2, 1, 0 ],
  "nClusters" : 12,
  "runtime" : 7.602867233
}